-9.388325,2.707044,5.193857,-0.609219,-2.193453,0.088433,0.521569,0
-9.361802,2.595743,5.491230,-0.649460,-2.188547,0.080652,0.521569,0
-9.729635,2.635080,5.065796,-0.674582,-2.258882,0.041272,0.513725,0
-10.085297,2.862549,4.860296,-0.671174,-2.356382,0.071611,0.439216,0
-9.385359,2.497471,5.253873,-0.554089,-2.198625,0.090524,0.356863,0
-9.172842,2.500256,5.331222,-0.577449,-2.150756,0.114009,0.270588,0
-9.940687,2.792161,4.632160,-0.641230,-2.336702,0.109534,0.192157,0
-8.755324,2.324573,5.689148,-0.516759,-2.054348,0.132239,0.109804,0
-9.673377,2.531833,5.058498,-0.627197,-2.248146,0.066689,0.047059,0
-9.014560,2.523645,5.522027,-0.573299,-2.094006,0.093486,0.047059,0
-9.137459,2.508107,5.167800,-0.587611,-2.148520,0.067672,0.047059,0
-9.885896,2.710420,5.142242,-0.641586,-2.300183,0.087345,0.047059,0
-9.560503,2.578232,4.909424,-0.677978,-2.223069,0.081669,0.047059,0
-9.825639,2.711167,4.671971,-0.637105,-2.320388,0.042740,0.047059,0
-8.310024,2.032573,5.520505,-0.503336,-1.949972,0.073848,0.047059,0
-9.465569,2.451815,5.277967,-0.569456,-2.199898,0.077772,0.047059,0
-9.075174,2.630694,5.421988,-0.604253,-2.108146,0.025623,0.047059,0
-8.411381,2.129682,5.613898,-0.479982,-1.979992,0.095555,0.047059,0
-8.678598,2.077414,5.593840,-0.462248,-2.024940,0.088947,0.047059,0
-9.013731,2.304713,5.378803,-0.541523,-2.120014,0.098264,0.047059,0
-8.206712,2.080080,5.768624,-0.476578,-1.921146,0.097895,0.047059,0
-8.739402,2.220156,5.565937,-0.521978,-2.018362,0.080088,0.047059,0
-9.280755,2.318985,5.083677,-0.538229,-2.142102,0.079484,0.047059,0
-8.484266,2.305884,5.703613,-0.553012,-1.976060,0.041233,0.047059,0
-8.411294,2.136400,5.677651,-0.504373,-1.937475,0.074356,0.047059,0
-8.872936,2.187923,5.401540,-0.500941,-2.074548,0.123591,0.047059,0
-8.638044,2.217331,5.700094,-0.528813,-2.013675,0.046645,0.047059,0
-8.737919,2.215234,5.355029,-0.544740,-2.029199,0.075428,0.047059,0
-9.264894,2.479236,5.403902,-0.562513,-2.129838,0.061892,0.047059,0
-9.277230,2.523370,5.275082,-0.632820,-2.170691,0.039750,0.047059,0
-9.124443,2.288346,5.374305,-0.548670,-2.122098,0.110183,0.047059,0
-8.950727,2.175536,5.292819,-0.472768,-2.077579,0.097279,0.047059,0
-9.119260,2.383315,5.248217,-0.581037,-2.130824,0.042461,0.047059,0
-8.980017,2.407380,5.536018,-0.594719,-2.083621,0.059378,0.047059,0
-9.034109,1.966355,5.234460,-0.448624,-2.098024,0.067435,0.047059,0
-9.257452,2.448152,5.349634,-0.599931,-2.155452,0.058370,0.047059,0
-8.959490,2.035547,5.208261,-0.513418,-2.052690,0.088619,0.047059,0
-8.368774,2.155608,5.613227,-0.484326,-1.964810,0.086463,0.047059,0
-9.045740,2.310210,5.405900,-0.531519,-2.105471,0.078728,0.047059,0
-8.988482,2.322392,5.477399,-0.524237,-2.107887,0.073623,0.047059,0
-8.376484,1.938284,5.701866,-0.420919,-1.963652,0.093796,0.047059,0
-9.359329,2.367389,5.240225,-0.610818,-2.181133,0.059824,0.047059,0
-7.999968,1.746343,5.813189,-0.395419,-1.853651,0.080112,0.047059,0
-9.492283,2.443091,5.179177,-0.613501,-2.188336,0.047927,0.047059,0
-9.076659,2.260205,5.372100,-0.547211,-2.131871,0.050836,0.047059,0
-8.457222,1.953678,5.671177,-0.457371,-1.967826,0.074706,0.047059,0
-9.047417,2.362150,5.313397,-0.570183,-2.097395,0.078045,0.047059,0
-8.929141,2.210297,5.318895,-0.520782,-2.098469,0.091296,0.047059,0
-8.756330,2.039877,5.619226,-0.491096,-2.036397,0.082815,0.047059,0
-8.873695,2.155538,5.444261,-0.498343,-2.088412,0.105006,0.047059,0
-8.544066,2.003056,5.714207,-0.458204,-1.988794,0.092672,0.047059,0
-8.527792,1.968997,5.596756,-0.420612,-1.997357,0.100701,0.047059,0
-8.508507,1.788550,5.463183,-0.418482,-1.987179,0.092276,0.047059,0
-8.397305,2.074318,5.902179,-0.464260,-1.962336,0.091423,0.047059,0
-7.986605,1.887991,5.774111,-0.389743,-1.867409,0.129334,0.047059,0
-9.065386,2.328688,5.335651,-0.567541,-2.122569,0.087379,0.047059,0
-8.210788,1.753930,5.796937,-0.359957,-1.905127,0.110607,0.047059,0
-8.077423,1.804564,5.838938,-0.388748,-1.889452,0.090769,0.047059,0
-8.149173,1.809383,5.760389,-0.372535,-1.904000,0.115056,0.047059,0
-8.089845,1.608065,5.814420,-0.346999,-1.883770,0.123506,0.047059,0
-8.142340,1.935613,5.720348,-0.463646,-1.893760,0.096162,0.047059,0
-8.504689,2.062856,5.620755,-0.447053,-1.962373,0.097024,0.047059,0
-8.868951,2.044760,5.487249,-0.498008,-2.037873,0.078029,0.047059,0
-7.873193,1.750877,5.951503,-0.355119,-1.829246,0.112020,0.047059,0
-8.379628,1.995835,5.782920,-0.439875,-1.952080,0.104824,0.047059,0
-8.449558,1.866254,5.634964,-0.408556,-1.973230,0.093063,0.047059,0
-8.476402,2.142385,5.586616,-0.467241,-1.968514,0.081975,0.047059,0
-8.990417,2.233544,5.627299,-0.510915,-2.089295,0.109938,0.047059,0
-8.620557,1.987137,5.711585,-0.474433,-1.988745,0.079124,0.047059,0
-8.599356,2.020027,5.674145,-0.462317,-1.979944,0.099712,0.047059,0
-8.980884,2.170326,5.444095,-0.492165,-2.069944,0.099373,0.047059,0
-8.562447,1.963541,5.665322,-0.440101,-1.960013,0.085927,0.047059,0
-8.592304,2.053248,5.510903,-0.461492,-1.981919,0.080248,0.047059,0
-7.847250,1.741019,6.017406,-0.312319,-1.828480,0.094999,0.047059,0
-8.980500,2.165665,5.296886,-0.504398,-2.089453,0.105311,0.047059,0
-8.856498,2.005813,5.396962,-0.474117,-2.058934,0.096401,0.047059,0
-8.330627,1.982450,5.714864,-0.453134,-1.938219,0.097661,0.047059,0
-8.384727,1.897943,5.627151,-0.440998,-1.953165,0.093042,0.047059,0
-7.974402,1.770299,5.830229,-0.372281,-1.856922,0.087353,0.047059,0
-8.021191,1.408493,5.473977,-0.258841,-1.865143,0.119762,0.047059,0
-8.474149,2.015753,5.712865,-0.431958,-1.962916,0.111879,0.047059,0
-8.491182,1.916229,5.583985,-0.451093,-1.978298,0.098843,0.047059,0
-8.605937,2.090890,5.519785,-0.484482,-2.006025,0.079573,0.047059,0
-8.761367,2.207649,5.553651,-0.504143,-2.025612,0.112281,0.047059,0
-8.844834,1.944850,5.466587,-0.473320,-2.062682,0.066081,0.047059,0
-8.483769,1.942698,5.641038,-0.437968,-1.958966,0.083041,0.047059,0
-9.096321,2.093691,5.222489,-0.485498,-2.080375,0.094905,0.047059,0
-7.951686,1.789673,5.799431,-0.356735,-1.869798,0.117821,0.047059,0
-8.726743,2.059981,5.624900,-0.485844,-2.007445,0.088202,0.047059,0
-8.692146,2.027595,5.442938,-0.497064,-2.007352,0.041661,0.047059,0
-8.435969,1.897636,5.513831,-0.418662,-1.977045,0.119450,0.047059,0
-8.323741,1.774966,5.641987,-0.400396,-1.925461,0.114295,0.047059,0
-8.884225,2.154939,5.380271,-0.537031,-2.063644,0.089619,0.047059,0
-8.472452,1.895430,5.477257,-0.403610,-1.975296,0.124457,0.047059,0
-8.215336,1.915008,5.826881,-0.431683,-1.888896,0.100150,0.047059,0
-8.565010,1.953185,5.574265,-0.437235,-1.994424,0.086119,0.047059,0
-8.294302,1.905187,5.801772,-0.396336,-1.923828,0.099042,0.047059,0
-8.403077,1.956855,5.877053,-0.423271,-1.959459,0.092117,0.047059,0
-8.402047,1.968157,5.630708,-0.459915,-1.947175,0.075384,0.047059,0
-7.679564,1.603346,6.169653,-0.354670,-1.749432,0.096658,0.047059,0
-7.971839,1.722333,5.914999,-0.349344,-1.860771,0.105404,0.047059,0
-7.660512,1.800011,6.110066,-0.352862,-1.802097,0.094462,0.047059,0
-7.652199,1.676402,6.174551,-0.363110,-1.776976,0.102703,0.047059,0
-7.401845,1.343428,6.187165,-0.270538,-1.729249,0.104109,0.047059,0
-7.489954,1.588676,6.298409,-0.348517,-1.747402,0.093162,0.047059,0
-7.933490,1.539781,5.869184,-0.306756,-1.828262,0.100234,0.047059,0
-7.996829,1.614307,5.819007,-0.366992,-1.860248,0.114225,0.047059,0
-8.293159,1.845334,5.824368,-0.414038,-1.905140,0.117143,0.047059,0
-7.556887,1.568480,6.068038,-0.333521,-1.757101,0.147724,0.047059,0
-7.498267,1.474793,6.308852,-0.355041,-1.736792,0.132260,0.047059,0
-8.312654,1.683564,5.764593,-0.448236,-1.918825,0.077951,0.047059,0
-8.809457,2.053153,5.443565,-0.488686,-2.057429,0.112450,0.047059,0
-8.353807,1.967202,5.709002,-0.434006,-1.949285,0.110688,0.047059,0
-8.624276,2.039430,5.549498,-0.470068,-2.005291,0.102102,0.047059,0
-7.943305,1.604975,6.212693,-0.330479,-1.809731,0.129254,0.047059,0
-8.297719,1.827149,5.758712,-0.457598,-1.917639,0.075076,0.047059,0
-7.611382,1.568555,6.055006,-0.345817,-1.767265,0.122442,0.047059,0
-7.684212,1.571741,5.930528,-0.350716,-1.783554,0.130736,0.047059,0
-8.335931,1.771292,5.595952,-0.385509,-1.926829,0.115306,0.047059,0
-8.239745,1.757169,5.819208,-0.395100,-1.886609,0.114369,0.047059,0
-8.661383,2.039838,5.553719,-0.458212,-2.008488,0.120327,0.047059,0
-8.889245,2.115022,5.421979,-0.546573,-2.044254,0.078819,0.047059,0
-8.151601,1.867506,6.045032,-0.419035,-1.892723,0.117300,0.047059,0
-7.857132,1.808266,6.479832,-0.419840,-1.796443,0.121483,0.047059,0
-11.020617,2.516669,2.734954,-0.791079,-2.578645,0.168265,0.047059,0
-7.609976,1.900816,7.039702,-0.621675,-1.631953,0.229179,0.047059,0
-7.428904,2.567550,5.434330,-0.826421,-1.705208,0.193551,0.047059,0
-6.724594,2.764327,6.141834,-0.913813,-1.558419,0.246962,0.047059,0
-7.047863,2.945205,6.975012,-0.886039,-1.470334,0.156577,0.047059,0
-7.003615,2.819156,5.303141,-0.834325,-1.687030,0.136649,0.047059,0
-7.911019,3.205485,5.036089,-0.751035,-1.737642,0.181916,0.047059,0
-8.122123,2.515591,6.473825,-0.815010,-1.750694,0.175371,0.047059,0
-7.162976,2.661123,7.472616,-0.866713,-1.591546,0.101778,0.047059,0
-9.769818,3.467996,4.950461,-1.122100,-2.160820,0.035776,0.047059,0
-11.099377,3.808304,3.939987,-1.148237,-2.718343,0.014409,0.047059,0
-7.320238,3.424960,7.621962,-1.124393,-1.481846,-0.108748,0.047059,0
-8.433979,4.311926,7.312609,-1.251648,-1.798619,-0.090717,0.047059,0
-10.858832,4.518888,6.917321,-1.227879,-2.385844,-0.008518,0.047059,0
-9.494307,3.895127,6.104995,-1.404521,-2.569395,-0.054143,0.047059,0
-11.130187,4.014648,7.434782,-1.232765,-2.450628,-0.040543,0.047059,0
-8.556724,3.218953,7.502086,-1.069607,-1.846061,-0.067762,0.047059,0
-8.983180,3.162893,8.139811,-1.057931,-1.955476,-0.039535,0.047059,0
-7.970602,2.754011,7.831352,-0.932199,-1.720860,-0.010858,0.047059,0
-8.219833,3.108880,7.813266,-1.061881,-1.757747,-0.075445,0.047059,0
-7.551561,2.935258,7.897747,-0.969128,-1.618384,-0.054541,0.047059,0
-7.274233,2.784520,7.722040,-0.892087,-1.588010,-0.037895,0.047059,0
-7.072093,2.759295,7.649395,-0.939155,-1.503298,-0.043962,0.047059,0
-8.594613,3.213638,7.947494,-1.112187,-1.836335,-0.095032,0.047059,0
-7.281353,2.840623,7.662107,-0.922222,-1.577500,-0.051417,0.047059,0
-6.626523,2.472705,7.818377,-0.864564,-1.423031,-0.058465,0.047059,0
-7.276719,2.692894,7.732517,-0.977278,-1.553788,-0.059703,0.047059,0
-6.843536,2.548461,7.920361,-0.857099,-1.475833,-0.029170,0.047059,0
-6.846466,2.619826,7.722382,-0.918181,-1.467165,-0.044230,0.047059,0
-6.882669,2.612324,7.964243,-0.907597,-1.481455,-0.028711,0.047059,0
-6.701844,2.508517,7.944020,-0.877097,-1.419797,-0.058329,0.047059,0
-7.086882,2.629590,7.939640,-0.911133,-1.510203,-0.045339,0.047059,0
-7.508471,2.775717,7.710730,-0.959396,-1.624429,-0.046244,0.047059,0
-6.455720,2.549667,7.835358,-0.891150,-1.402029,-0.034377,0.047059,0
-7.069948,2.718260,7.761351,-0.950037,-1.539702,-0.036812,0.047059,0
-6.431533,2.466418,7.940163,-0.779655,-1.399779,0.002566,0.047059,0
-7.102966,2.795213,7.839663,-0.945221,-1.511615,-0.057186,0.047059,0
-5.310422,2.340497,9.118254,-0.797659,-1.127284,-0.018784,0.047059,0
-6.900924,2.406420,7.800610,-0.850441,-1.445690,-0.034020,0.047059,0
-6.265905,2.605434,8.159891,-0.776613,-1.366691,-0.015206,0.047059,0
-5.946363,2.373260,8.583838,-0.825064,-1.238189,-0.014826,0.047059,0
-6.123206,2.437071,8.141122,-0.806982,-1.276569,0.002040,0.047059,0
-5.517539,2.126269,8.613061,-0.718958,-1.148998,-0.013625,0.047059,0
-6.391269,2.360473,8.232151,-0.810599,-1.328269,-0.014413,0.047059,0
-5.732193,1.971832,8.294235,-0.696844,-1.209760,-0.006042,0.047059,0
-5.402145,1.938242,8.368001,-0.643820,-1.125321,-0.010050,0.047059,1
-5.102446,1.845681,8.317764,-0.611933,-1.073447,0.021291,0.054902,1
-4.932698,1.764153,8.481336,-0.579443,-1.006903,0.046241,0.133333,1
-5.295700,1.843861,8.303876,-0.636764,-1.111939,0.001601,0.211765,1
-5.074609,1.876504,8.436147,-0.644137,-1.066221,-0.006524,0.294118,1
-5.482855,2.113638,8.431413,-0.714102,-1.090015,-0.015234,0.372549,1
-5.886749,2.262135,8.081857,-0.556511,-1.180829,0.028860,0.454902,1
-4.302966,1.635136,7.501368,-0.462228,-0.744805,-0.006359,0.521569,1
-5.283651,1.812052,7.614949,-0.452480,-1.043641,0.027364,0.521569,1
-5.330448,2.083303,7.613809,-0.572194,-1.043354,0.004584,0.521569,1
-4.718144,1.720082,8.021826,-0.429140,-0.901463,0.029585,0.521569,1
-5.092763,1.708581,7.843329,-0.445274,-0.960580,0.001117,0.521569,1
-4.317988,1.419115,7.991888,-0.326177,-0.808834,0.061695,0.521569,1
-5.007481,1.881478,7.916780,-0.496563,-0.925673,0.003340,0.521569,1
-4.782990,1.740090,8.077744,-0.406735,-0.867950,0.041915,0.521569,1
-4.573722,1.488885,7.935110,-0.361466,-0.848462,0.040371,0.521569,1
-4.881644,1.810803,8.102775,-0.419567,-0.882850,0.037700,0.521569,1
-5.351675,1.824532,7.973152,-0.408885,-0.995565,0.041091,0.521569,1
-5.154198,1.978791,8.066357,-0.460036,-0.917404,0.042395,0.521569,1
-5.192879,1.971611,7.934463,-0.426583,-0.933503,0.038341,0.521569,1
-4.100001,1.617525,8.111127,-0.322733,-0.688702,0.054403,0.521569,1
-4.833809,1.927421,7.986368,-0.446589,-0.846190,0.014841,0.521569,1
-4.909910,1.832224,8.131962,-0.426560,-0.839213,0.033589,0.521569,1
-4.476797,1.719392,8.154364,-0.373204,-0.738403,0.035195,0.521569,1
-4.579631,1.596643,7.973464,-0.356574,-0.775595,0.027007,0.521569,1
-3.607713,1.559646,8.117175,-0.199247,-0.562603,0.018985,0.521569,1
-4.805075,1.938263,7.852740,-0.356773,-0.856368,0.026577,0.521569,1
-5.036662,1.982205,7.866897,-0.335711,-0.903874,0.045373,0.521569,1
-4.288297,1.608575,7.900735,-0.257471,-0.743564,0.040301,0.521569,1
-3.698444,1.590516,8.029656,-0.192159,-0.634638,0.087072,0.521569,1
-4.386002,1.605626,7.863192,-0.238526,-0.766021,0.063817,0.521569,1
-4.375001,1.697783,7.887697,-0.244161,-0.772153,0.080830,0.521569,1
-4.921178,2.118342,7.699980,-0.359004,-0.867640,0.038213,0.521569,1
-4.303854,1.572253,7.483958,-0.210081,-0.717186,0.050850,0.521569,1
-4.158742,1.428194,7.472618,-0.156700,-0.677562,0.072224,0.521569,1
-3.782030,1.239718,7.648814,-0.052025,-0.541843,0.067932,0.521569,1
-4.203354,1.565936,7.571997,-0.144151,-0.629716,0.060533,0.521569,1
-4.160112,1.382968,7.454624,-0.125131,-0.597959,0.058937,0.521569,1
-4.804358,1.868776,7.547015,-0.235114,-0.755011,0.059291,0.521569,1
-3.343631,1.149183,7.467932,-0.047088,-0.416517,0.058372,0.521569,1
-3.949811,1.293817,7.232046,-0.046074,-0.567209,0.095316,0.521569,1
-4.130616,1.470909,7.194662,-0.083948,-0.591563,0.091391,0.521569,1
-4.197639,1.471452,7.162777,-0.091971,-0.623255,0.113619,0.521569,1
-4.554393,1.756753,7.159803,-0.190289,-0.675740,0.076888,0.521569,1
-4.421582,1.510855,7.181363,-0.131462,-0.641828,0.095564,0.521569,1
-4.066116,1.444239,7.231463,-0.071187,-0.564633,0.083183,0.521569,1
-4.960620,1.775494,7.132565,-0.201750,-0.785035,0.058957,0.521569,1
-4.984456,1.815381,7.160642,-0.171402,-0.765789,0.074597,0.521569,1
-4.265873,1.427018,7.097353,-0.087628,-0.619405,0.086858,0.521569,1
-4.423438,1.779622,7.166759,-0.125693,-0.659458,0.025817,0.521569,1
-3.938365,1.473266,7.176148,-0.024510,-0.570223,0.061352,0.521569,1
-4.079485,1.627907,7.070168,-0.026924,-0.592221,0.077208,0.521569,1
-3.740525,1.332334,7.124461,0.040044,-0.501720,0.069690,0.521569,1
-3.426925,1.159323,7.027461,0.101144,-0.444025,0.093324,0.521569,1
-3.876363,1.320237,7.088087,0.058273,-0.525293,0.079957,0.521569,1
-4.161342,1.551937,6.577499,-0.010815,-0.593132,0.084479,0.521569,1
-4.139720,1.563656,6.839725,-0.027767,-0.601193,0.070848,0.521569,1
-4.217319,1.502970,6.868813,-0.011518,-0.584007,0.052888,0.521569,7
-4.126926,1.324829,6.741242,0.051951,-0.559839,0.124601,0.521569,7
-4.586451,1.759542,7.029545,-0.095443,-0.647209,0.047047,0.521569,7
-4.272486,1.381215,6.848819,-0.000239,-0.606118,0.041906,0.521569,7
-4.231320,1.494277,6.763844,0.037592,-0.587985,0.114204,0.521569,7
-3.965254,1.449685,6.920897,0.049542,-0.527998,0.098203,0.521569,7
-4.028943,1.514876,6.905284,0.007863,-0.532312,0.078561,0.521569,7
-3.811783,1.406291,6.875464,0.074523,-0.478027,0.087377,0.521569,7
-4.022057,1.465480,7.055102,0.052407,-0.514745,0.107632,0.521569,7
-4.220486,1.647925,6.864882,-0.016060,-0.557852,0.082090,0.521569,7
-3.413517,1.298032,6.928803,0.065499,-0.376766,0.083782,0.521569,7
-3.753541,1.325185,6.892112,0.090734,-0.459559,0.111763,0.521569,7
-4.248671,1.461294,6.923633,0.033889,-0.552963,0.096287,0.521569,7
-3.800045,1.369180,6.959279,0.060923,-0.457437,0.079728,0.521569,7
-3.840886,1.410914,7.021313,0.060804,-0.457841,0.084180,0.521569,7
-3.492362,1.141786,6.947684,0.122048,-0.417184,0.104293,0.521569,7
-4.275104,1.603395,6.910656,0.010220,-0.559655,0.094122,0.521569,7
-3.396319,1.078642,7.079170,0.163676,-0.377114,0.112405,0.521569,7
-3.731803,1.443377,7.073340,0.056174,-0.432532,0.089768,0.521569,7
-3.696297,1.357544,7.072479,0.085872,-0.436887,0.076338,0.521569,7
-3.787909,1.453863,7.067066,0.085097,-0.439947,0.103294,0.521569,7
-3.779303,1.300423,7.025676,0.075725,-0.436435,0.067615,0.521569,7
-3.559571,1.253070,7.020813,0.099981,-0.394316,0.085026,0.521569,7
-3.395991,1.303854,7.078712,0.120021,-0.349771,0.097091,0.521569,7
-3.284456,1.167520,7.095233,0.172096,-0.327201,0.104658,0.521569,7
-3.913054,1.503094,7.059501,0.044954,-0.450931,0.076910,0.521569,7
-3.675323,1.370558,7.060246,0.101512,-0.417014,0.095973,0.521569,7
-3.205576,1.314133,7.081137,0.132926,-0.305598,0.111463,0.521569,7
-3.348811,1.067505,7.155562,0.182637,-0.319351,0.082858,0.521569,7
-3.303911,1.257271,7.003325,0.156597,-0.337014,0.103792,0.521569,7
-4.050788,1.592046,7.032644,0.036443,-0.469840,0.069540,0.521569,7
-3.968809,1.342085,6.986134,0.068720,-0.466830,0.084325,0.521569,7
-3.916423,1.319158,7.038435,0.093807,-0.439957,0.097708,0.521569,7
-3.455424,1.191197,7.005389,0.180693,-0.346350,0.076321,0.521569,7
-3.846073,1.378646,7.050660,0.095040,-0.418743,0.105685,0.521569,7
-3.573781,1.226345,7.091361,0.166849,-0.367418,0.098462,0.521569,7
-3.675189,1.292480,6.946611,0.148030,-0.380606,0.109706,0.521569,7
-3.513866,1.339688,6.970358,0.157018,-0.333803,0.115289,0.521569,7
-3.722701,1.337205,6.928597,0.120675,-0.393945,0.083602,0.521569,7
-3.984877,1.546557,6.907238,0.052786,-0.448769,0.080620,0.521569,7
-3.769055,1.252776,6.959890,0.137136,-0.387398,0.090976,0.521569,7
-3.924921,1.441010,6.887892,0.125730,-0.433210,0.100353,0.521569,7
-4.033979,1.414994,6.772449,0.138895,-0.448448,0.101555,0.521569,7
-3.811301,1.430359,6.890220,0.141013,-0.411208,0.106607,0.521569,7
-4.242746,1.546157,6.819950,0.059275,-0.476152,0.074258,0.521569,7
-4.118162,1.660750,7.008852,0.061499,-0.444055,0.067034,0.521569,7
-3.981275,1.519747,6.749108,0.124093,-0.408415,0.086743,0.521569,7
-3.888247,1.484041,6.845466,0.094525,-0.393481,0.061987,0.521569,7
-3.973464,1.386369,6.759691,0.172052,-0.385044,0.102830,0.521569,7
-4.049416,1.521286,6.817372,0.116345,-0.395509,0.105029,0.521569,7
-3.957968,1.462542,6.759770,0.129810,-0.393538,0.116449,0.521569,7
-4.260994,1.620495,6.718363,0.122598,-0.454500,0.111658,0.521569,7
-3.692038,1.492621,6.877693,0.199676,-0.348289,0.102367,0.521569,7
-3.436528,1.435254,6.896482,0.207904,-0.272168,0.133317,0.521569,7
-3.796756,1.532990,6.825524,0.181875,-0.352997,0.101389,0.521569,7
-3.311920,1.196912,6.886765,0.254400,-0.225849,0.128972,0.521569,7
-4.023937,1.589915,6.939621,0.140142,-0.379812,0.086473,0.521569,7
-3.480940,1.270581,6.832752,0.269294,-0.264380,0.118231,0.521569,3
-3.624920,1.311411,6.883716,0.220630,-0.299640,0.108317,0.521569,3
-4.143019,1.574486,6.814040,0.129440,-0.418993,0.108299,0.521569,3
-4.055608,1.134144,6.607391,0.164935,-0.487558,0.333210,0.521569,3
-3.447725,1.095279,6.813015,0.013092,-0.385613,0.254349,0.521569,3
-4.573422,1.185022,6.419703,-0.144096,-0.661021,0.294694,0.521569,3
-4.279459,0.869174,6.526881,-0.063611,-0.559939,0.384105,0.521569,3
-4.138506,0.999870,6.537781,-0.104393,-0.545511,0.375697,0.521569,3
-4.021539,1.013434,6.518506,-0.150711,-0.571982,0.319243,0.521569,3
-4.247280,1.051446,6.565705,-0.173576,-0.627950,0.331622,0.521569,3
-4.220048,1.078164,6.349536,-0.177817,-0.659210,0.301537,0.521569,3
-3.836258,1.074831,6.474134,-0.181826,-0.581700,0.205790,0.521569,3
-3.545022,0.879134,6.545124,-0.117724,-0.553056,0.146025,0.521569,3
-4.524754,1.253294,6.296681,-0.284589,-0.813262,0.078179,0.521569,3
-5.013858,1.459426,6.327797,-0.506527,-0.866183,0.034598,0.521569,3
-5.764586,1.930645,6.450164,-0.663269,-1.009959,0.023512,0.521569,3
-5.132007,1.425318,6.309777,-0.554029,-0.958381,0.064344,0.521569,3
-5.136326,1.559267,6.213454,-0.658549,-1.005566,0.018391,0.521569,3
-5.482876,1.621326,6.347833,-0.639512,-1.059959,0.008275,0.521569,3
-4.804795,1.342571,6.301262,-0.549756,-0.929153,-0.013437,0.521569,3
-6.277516,2.047460,5.911839,-0.829771,-1.224182,-0.014905,0.521569,3
-5.426083,1.677711,6.659363,-0.804192,-1.063249,-0.028560,0.521569,3
-5.431085,1.555507,6.287787,-0.759960,-1.045280,-0.065993,0.521569,3
-5.442459,1.717142,6.444451,-0.725296,-1.061670,0.035471,0.521569,3
-5.078495,1.499005,6.361615,-0.632661,-0.999936,0.037549,0.521569,3
-5.286368,1.432453,6.089608,-0.698123,-1.035173,0.025150,0.521569,3
-5.459706,1.649291,6.243628,-0.721036,-1.100112,0.051912,0.521569,3
-4.872847,1.330097,6.228821,-0.558528,-0.986038,0.063241,0.521569,3
-4.016103,1.058987,6.024207,-0.604819,-1.063589,0.072903,0.521569,3
-4.477062,1.254187,5.595255,-0.476452,-1.224268,0.104582,0.521569,3
-3.529155,0.903054,6.143822,-0.495393,-0.985521,0.130568,0.521569,3
-4.336918,1.153680,6.109447,-0.478618,-1.211042,0.209107,0.521569,3
-4.520577,1.147813,5.821147,-0.493186,-1.257998,0.202685,0.521569,3
-3.937125,1.176807,6.478086,-0.521898,-1.150297,0.220357,0.521569,3
-3.623134,0.774518,6.274189,-0.365415,-1.134920,0.262193,0.521569,3
-3.543368,0.630756,6.245133,-0.372557,-1.163075,0.365150,0.521569,3
-3.096527,0.519181,6.086694,-0.378810,-1.066528,0.351758,0.521569,3
-2.713105,0.218606,6.106378,-0.326506,-1.027882,0.416735,0.521569,3
-3.573463,0.550352,6.017277,-0.429073,-1.218620,0.370067,0.521569,3
-2.834331,0.372594,6.055910,-0.347444,-1.085247,0.373808,0.521569,3
-3.343103,0.540270,5.796275,-0.426640,-1.320621,0.381842,0.521569,3
-3.608840,0.708466,5.844696,-0.455586,-1.334266,0.370309,0.521569,3
-2.871497,0.205555,5.916683,-0.381932,-1.220771,0.346443,0.521569,3
-3.386642,0.547697,5.807776,-0.451840,-1.319950,0.333833,0.521569,3
-3.048689,0.349599,6.026377,-0.405337,-1.256961,0.352713,0.521569,3
-3.307285,0.396616,5.928433,-0.411964,-1.325354,0.361332,0.521569,3
-3.433264,0.645792,5.902217,-0.514954,-1.403429,0.335537,0.521569,3
-3.375618,0.471368,5.864445,-0.465273,-1.379068,0.339577,0.521569,3
-2.887764,0.319692,6.031353,-0.430818,-1.295812,0.324370,0.521569,3
-3.089606,0.256933,6.048689,-0.446956,-1.392071,0.348161,0.521569,3
-3.180489,0.411434,5.955208,-0.518493,-1.426036,0.335113,0.521569,3
-2.310536,0.237478,5.976103,-0.311694,-1.310468,0.358643,0.521569,3
-2.648373,0.224158,6.015633,-0.392612,-1.341732,0.337099,0.521569,3
-2.692614,0.459409,5.914735,-0.498045,-1.462430,0.306294,0.521569,3
-2.686348,0.397668,5.836082,-0.457922,-1.472666,0.306647,0.521569,3
-2.153687,0.109298,5.952079,-0.383179,-1.372445,0.322151,0.521569,3
-2.165595,0.158627,5.917883,-0.432279,-1.440031,0.323027,0.521569,3
-2.672874,0.421910,6.266146,-0.515625,-1.561853,0.294261,0.521569,3
-1.580169,-0.088177,6.180490,-0.341181,-1.338428,0.356375,0.521569,3
-1.555285,0.036570,6.175525,-0.352672,-1.369436,0.366787,0.521569,3
-1.360471,-0.271960,6.157329,-0.284385,-1.342776,0.361493,0.521569,3
-1.993681,0.093896,6.233061,-0.451471,-1.480668,0.306250,0.521569,3
-2.009290,0.302801,6.122329,-0.468018,-1.506819,0.303034,0.521569,3
-1.705656,0.140529,6.252891,-0.431684,-1.471395,0.362910,0.521569,3
-1.807650,0.166052,6.292436,-0.435356,-1.513620,0.320484,0.521569,3
-1.924340,0.266790,6.255003,-0.475580,-1.542875,0.339823,0.521569,3
-1.672021,0.115061,6.310504,-0.408760,-1.481997,0.319625,0.521569,3
-1.255345,-0.206144,6.250450,-0.320353,-1.420196,0.347712,0.521569,3
-1.769506,0.127217,6.314820,-0.426289,-1.529388,0.317817,0.521569,8
-1.595130,0.122239,6.367607,-0.395916,-1.505217,0.338701,0.521569,8
-1.024886,-0.129659,6.558983,-0.321653,-1.367063,0.344987,0.517647,8
-1.928045,0.202340,7.181046,-0.518124,-1.345530,0.298608,0.439216,8
-4.484998,0.709046,8.358216,-0.213062,-0.835131,0.352736,0.356863,8
-4.578617,0.945236,8.444016,-0.109326,-0.443511,0.321559,0.278431,8
-2.937022,0.489311,8.388182,-0.227408,-0.500827,0.278375,0.196078,8
-2.187245,0.442786,8.857963,-0.326787,-0.553934,0.249239,0.109804,8
-4.798708,0.914982,7.842467,-0.306334,-0.934771,0.343652,0.047059,8
-3.060024,0.542594,8.485106,-0.289017,-0.608563,0.286243,0.047059,8
-4.152643,0.899617,7.867824,-0.331770,-0.873705,0.292908,0.047059,8
-2.960851,0.313950,8.418447,-0.145404,-0.570110,0.352730,0.047059,8
-3.399948,0.436468,8.049353,-0.201558,-0.707770,0.354468,0.047059,8
-2.865427,0.179005,8.372838,-0.149181,-0.553371,0.327822,0.047059,8
-3.947906,0.845475,8.292969,-0.314279,-0.786578,0.294565,0.047059,8
-3.853869,0.697563,8.166492,-0.281684,-0.763776,0.311524,0.047059,8
-3.492131,0.678253,8.349984,-0.274102,-0.687975,0.337546,0.047059,8
-3.591204,0.611090,8.379856,-0.215536,-0.630427,0.322705,0.047059,8
-3.225449,0.460146,8.457221,-0.150257,-0.567342,0.343619,0.047059,8
-3.456909,0.721699,8.359632,-0.239924,-0.622993,0.344392,0.047059,8
-2.988405,0.374471,8.498376,-0.130573,-0.524705,0.330889,0.047059,8
-3.124917,0.653881,8.486103,-0.233167,-0.569895,0.300513,0.047059,8
-3.381513,0.541933,8.408974,-0.132167,-0.624050,0.356602,0.047059,8
-4.024076,0.741118,8.414060,-0.326339,-0.700831,0.323761,0.047059,8
-3.809470,0.835295,8.386330,-0.325394,-0.678015,0.306290,0.047059,8
-3.398005,0.456012,8.299748,-0.166879,-0.593743,0.361163,0.047059,8
-3.729747,0.644115,8.380486,-0.247951,-0.676110,0.343061,0.047059,8
-2.902922,0.181315,8.332293,-0.097770,-0.436031,0.402083,0.047059,8
-3.733725,0.650576,8.339207,-0.221383,-0.647285,0.391693,0.047059,8
-3.482308,0.495445,8.499845,-0.168115,-0.559443,0.387166,0.047059,8
-2.939807,0.265261,8.331779,-0.086506,-0.463822,0.388522,0.047059,8
-3.180315,0.391164,8.496262,-0.107750,-0.495639,0.386126,0.047059,8
-4.035207,0.600516,8.183201,-0.200249,-0.709188,0.351423,0.047059,8
-4.623710,0.807338,8.120863,-0.271032,-0.794273,0.356631,0.047059,8
-4.144250,0.874106,8.163692,-0.250187,-0.662054,0.365074,0.047059,8
-4.812483,1.027436,8.453791,-0.324764,-0.862926,0.336031,0.047059,8
-5.072788,1.024351,8.085974,-0.333327,-0.877524,0.331986,0.047059,8
-3.648895,0.463876,8.049152,-0.116560,-0.573069,0.358912,0.047059,8
-3.929856,0.537624,8.212831,-0.239641,-0.670883,0.343737,0.047059,8
-4.703198,0.712502,8.267115,-0.224434,-0.807715,0.396814,0.047059,8
-3.267833,0.260761,8.169378,-0.107727,-0.459261,0.368188,0.047059,8
-5.018235,1.002733,8.229009,-0.317691,-0.877810,0.333795,0.047059,8
-4.018311,0.506130,8.314159,-0.174309,-0.638136,0.379884,0.047059,8
-3.509110,0.446577,8.393541,-0.166515,-0.520472,0.355979,0.047059,8
-4.269902,0.725647,8.461884,-0.256068,-0.682889,0.348213,0.047059,8
-4.400269,0.931565,8.405890,-0.287290,-0.706210,0.352738,0.047059,8
-4.292883,0.690040,8.307586,-0.245331,-0.695405,0.351638,0.047059,8
-3.756235,0.439758,8.424075,-0.172776,-0.571502,0.349669,0.047059,8
-3.874269,0.712745,8.284729,-0.214937,-0.613549,0.349240,0.047059,8
-4.383319,0.863576,8.275473,-0.287402,-0.721194,0.350085,0.047059,8
-4.334769,0.859627,8.369312,-0.271872,-0.715892,0.354599,0.047059,8
-3.998357,0.640135,8.293524,-0.199547,-0.622405,0.337695,0.047059,8
-4.100155,0.587713,8.403756,-0.195126,-0.636758,0.333105,0.047059,8
-3.467812,0.330408,8.453580,-0.121184,-0.500749,0.369214,0.047059,8
-3.472630,0.357625,8.338727,-0.135087,-0.517353,0.352326,0.047059,8
-3.771100,0.624733,8.474337,-0.165371,-0.568875,0.351155,0.047059,8
-4.168608,0.779394,8.325565,-0.232850,-0.645653,0.357340,0.047059,8
-4.381602,0.860818,8.347815,-0.273741,-0.705684,0.324589,0.047059,8
-3.987751,0.624386,8.310426,-0.242871,-0.617460,0.351975,0.047059,2
-3.449689,0.603073,8.873575,-0.202654,-0.533625,0.322693,0.047059,2
-3.443402,0.285346,8.159045,-0.160971,-0.491233,0.363088,0.047059,2
-3.786660,0.465617,8.702150,-0.140503,-0.607189,0.374108,0.047059,2
-3.642146,0.477859,8.392826,-0.199634,-0.544216,0.319488,0.047059,2
-3.922923,0.813014,8.535374,-0.258455,-0.644142,0.363181,0.047059,2
-4.008975,0.877472,8.212883,-0.271979,-0.656890,0.356724,0.047059,2
-3.509504,0.497324,8.642075,-0.137622,-0.529337,0.383220,0.047059,2
-3.999424,0.610105,8.406784,-0.202915,-0.629374,0.342615,0.047059,2
-3.443849,0.525234,8.734952,-0.144035,-0.505547,0.357185,0.047059,2
-3.994812,0.655645,8.408142,-0.227732,-0.649349,0.358412,0.047059,2
-3.567674,0.419043,8.591804,-0.194074,-0.531797,0.350866,0.047059,2
-3.877428,0.872000,8.605371,-0.235129,-0.646446,0.369252,0.047059,2
-3.187715,0.293045,8.650226,-0.117382,-0.484542,0.370933,0.047059,2
-3.468579,0.421254,8.633117,-0.192744,-0.559719,0.309364,0.047059,2
-3.915211,0.915062,8.563926,-0.320079,-0.631371,0.322302,0.047059,2
-3.646082,0.665407,8.638571,-0.251921,-0.591913,0.351071,0.047059,2
-3.713569,0.579338,8.568897,-0.261466,-0.582283,0.330712,0.047059,2
-3.244746,0.249113,8.817039,-0.095490,-0.498446,0.356456,0.047059,2
-3.804326,0.765218,8.559717,-0.261980,-0.624790,0.308553,0.047059,2
-3.041589,0.205412,8.689989,-0.107270,-0.427433,0.339979,0.047059,2
-2.929567,0.161159,8.672665,-0.101393,-0.437025,0.374575,0.047059,2
-3.152826,0.459861,8.671211,-0.188271,-0.477152,0.358264,0.047059,2
-3.141775,0.457450,8.576671,-0.165957,-0.483966,0.359246,0.047059,2
-3.146942,0.457030,8.671584,-0.155314,-0.489005,0.357490,0.047059,2
-3.682441,0.764654,8.506533,-0.238696,-0.596182,0.347540,0.047059,2
-3.467711,0.541818,8.656798,-0.233936,-0.510415,0.334687,0.047059,2
-3.862979,0.667032,8.558969,-0.244768,-0.613585,0.344974,0.047059,2
-3.489919,0.583156,8.601540,-0.205195,-0.542483,0.329103,0.047059,2
-3.519647,0.511783,8.434512,-0.184398,-0.566024,0.360617,0.047059,2
-3.551797,0.566756,8.693041,-0.208350,-0.553850,0.348308,0.047059,2
-4.176295,0.741752,8.516932,-0.242810,-0.722855,0.331595,0.047059,2
-3.522153,0.601056,8.496511,-0.238897,-0.559746,0.305591,0.047059,2
-3.444793,0.487391,8.680365,-0.205918,-0.542374,0.316859,0.047059,2
-4.043109,0.742455,8.494916,-0.276422,-0.686587,0.313199,0.047059,2
-3.796097,0.666479,8.564898,-0.239467,-0.627252,0.329728,0.047059,2
-4.523401,1.049379,8.412580,-0.320196,-0.797211,0.317381,0.047059,2
-3.391125,0.401916,8.655011,-0.160959,-0.514236,0.337230,0.047059,2
-3.537418,0.509808,8.513406,-0.184858,-0.572402,0.352381,0.047059,2
-3.533225,0.409305,8.509877,-0.173949,-0.593388,0.372850,0.047059,2
-3.931025,0.686317,8.601346,-0.257672,-0.640102,0.331932,0.047059,2
-4.011002,0.759396,8.515190,-0.283692,-0.659900,0.311832,0.047059,2
-4.021867,0.686747,8.582726,-0.234898,-0.647242,0.339577,0.047059,2
-3.494971,0.550742,8.579282,-0.183897,-0.538036,0.352486,0.047059,2
-3.959792,0.722849,8.459851,-0.269979,-0.673027,0.328063,0.047059,2
-4.590799,1.040702,7.985486,-0.351478,-0.785133,0.302839,0.047059,2
-3.845896,0.769160,8.704259,-0.204186,-0.648451,0.345223,0.047059,2
-3.853145,0.494251,8.181760,-0.181146,-0.639974,0.360699,0.047059,2
-3.632776,0.527514,8.542699,-0.193414,-0.591120,0.334730,0.047059,2
-3.387414,0.365678,8.281969,-0.107164,-0.537697,0.378439,0.047059,2
-4.198437,0.820330,8.376987,-0.284213,-0.708128,0.311548,0.047059,2
-3.771163,0.522655,8.071991,-0.175261,-0.631595,0.357689,0.047059,2
-3.554606,0.540102,8.563153,-0.181862,-0.570625,0.359800,0.047059,2
-4.227833,0.783707,8.124562,-0.257621,-0.704787,0.353886,0.047059,2
-4.034374,0.770148,8.325179,-0.236146,-0.675371,0.342301,0.047059,2
-4.526985,0.906464,8.180430,-0.284310,-0.801809,0.372784,0.047059,2
-3.985237,0.612842,8.263356,-0.190049,-0.664564,0.377345,0.047059,2
-4.231793,0.898406,8.245821,-0.277387,-0.716675,0.329514,0.047059,4
-3.976628,0.745625,8.275081,-0.217386,-0.690233,0.350645,0.047059,4
-4.351388,1.104608,8.298997,-0.300732,-0.750321,0.228791,0.047059,4
-3.510395,0.986136,8.267282,-0.242945,-0.593390,0.116259,0.047059,4
-4.612599,1.760371,8.303167,-0.407446,-0.834447,-0.114389,0.047059,4
-3.990964,1.720120,8.420845,-0.396770,-0.700063,-0.115411,0.047059,4
-4.657428,1.722780,8.311243,-0.449209,-0.853211,-0.157557,0.047059,4
-4.666593,2.019465,8.407640,-0.479874,-0.865445,-0.221149,0.047059,4
-4.591511,2.053661,8.413458,-0.503513,-0.842844,-0.238693,0.047059,4
-4.607662,1.956566,8.302879,-0.480529,-0.855971,-0.167570,0.047059,4
-4.565969,1.930182,8.453904,-0.462473,-0.841179,-0.238677,0.047059,4
-4.533193,1.992035,8.361169,-0.461336,-0.841538,-0.247273,0.047059,4
-3.960675,1.908983,8.443695,-0.419761,-0.726820,-0.272861,0.047059,4
-4.639850,2.276058,8.371223,-0.523719,-0.898146,-0.300579,0.047059,4
-4.571650,2.147364,8.506809,-0.518133,-0.865683,-0.348154,0.047059,4
-5.636676,2.697005,8.322307,-0.653464,-1.146012,-0.387118,0.047059,4
-4.967737,2.394527,8.371773,-0.586481,-0.953948,-0.436605,0.047059,4
-5.074907,2.320148,8.479144,-0.538909,-0.980886,-0.380886,0.047059,4
-4.855201,2.409330,8.326735,-0.589884,-0.942857,-0.432343,0.047059,4
-4.684085,2.644441,8.547461,-0.635375,-0.902419,-0.444023,0.047059,4
-5.486245,2.802547,8.250453,-0.681349,-1.109020,-0.430393,0.047059,4
-5.308249,2.804417,8.381956,-0.690367,-1.043112,-0.440123,0.047059,4
-5.279881,2.598630,8.621755,-0.613371,-1.042667,-0.425299,0.047059,4
-5.176305,2.610169,8.398890,-0.597365,-1.011397,-0.475039,0.047059,4
-4.433965,2.351148,8.450716,-0.578298,-0.834391,-0.403970,0.047059,4
-5.335360,2.678243,8.565062,-0.656024,-1.064254,-0.418050,0.047059,4
-5.058018,2.695029,8.434064,-0.676328,-0.989600,-0.545744,0.047059,4
-4.955132,2.293733,8.369928,-0.559953,-0.965020,-0.400281,0.047059,4
-4.864017,2.185261,8.571280,-0.523774,-0.945469,-0.370574,0.047059,4
-4.939084,2.412327,8.396050,-0.562263,-0.969024,-0.471370,0.047059,4
-5.260659,2.234926,8.370098,-0.636729,-1.029199,-0.327793,0.047059,4
-5.058486,1.951332,8.729209,-0.511087,-0.996686,-0.277533,0.047059,4
-5.036510,2.377651,8.475338,-0.622246,-0.957870,-0.364245,0.047059,4
-4.555955,1.729344,8.471446,-0.521689,-0.855771,-0.306760,0.047059,4
-4.735292,2.171936,8.466217,-0.652711,-0.889234,-0.289288,0.047059,4
-5.407544,2.062149,8.625880,-0.594178,-1.048559,-0.233953,0.047059,4
-4.714133,1.667698,8.410128,-0.453109,-0.903529,-0.165938,0.047059,4
-4.521169,1.669961,8.597504,-0.521550,-0.843450,-0.171165,0.047059,4
-5.031072,2.034939,8.390039,-0.577680,-0.964805,-0.115104,0.047059,4
-4.959027,1.889013,8.356475,-0.542456,-0.957296,-0.148924,0.047059,4
-4.683722,1.796684,8.345220,-0.514700,-0.894930,-0.161997,0.047059,4
-4.510698,1.668370,8.316893,-0.524393,-0.836940,-0.124919,0.047059,4
-4.530202,1.741022,8.400357,-0.502349,-0.857162,-0.111921,0.047059,4
-4.627118,2.024889,8.363981,-0.615217,-0.850287,-0.224718,0.047059,4
-4.106450,1.368174,8.534734,-0.457608,-0.734024,-0.067936,0.047059,4
-4.501006,1.509145,8.430459,-0.460982,-0.809424,-0.098705,0.047059,4
-4.532742,1.484463,8.416264,-0.467505,-0.825308,-0.098356,0.047059,4
-4.827497,1.767109,8.414247,-0.557112,-0.875930,-0.131146,0.047059,4
-4.814242,1.585002,8.333918,-0.511582,-0.881734,-0.121100,0.047059,4
-5.009529,1.874910,8.451515,-0.562995,-0.929335,-0.082820,0.047059,4
-5.066386,2.078932,8.330966,-0.638026,-0.939410,-0.119496,0.047059,4
-5.157247,2.106976,8.288929,-0.655262,-0.980262,-0.136041,0.047059,4
-5.021350,2.016338,8.378110,-0.577293,-0.942405,-0.127670,0.047059,4
-4.768725,1.784639,8.457744,-0.518598,-0.893914,-0.129186,0.047059,4
-5.307417,2.077248,8.383798,-0.682012,-0.993577,-0.138693,0.047059,4
-4.941899,1.927425,8.168905,-0.596334,-0.930044,-0.128951,0.047059,4
-4.920927,1.838286,8.368501,-0.536823,-0.932833,-0.095892,0.047059,4
-4.789936,1.700809,8.186186,-0.564534,-0.883822,-0.109826,0.047059,4
-5.105934,2.067904,8.392280,-0.637189,-0.977386,-0.142504,0.047059,4
-4.845263,1.653416,8.256390,-0.536241,-0.914088,-0.098042,0.047059,4
-5.644877,2.123684,8.279052,-0.667529,-1.072413,-0.129397,0.047059,4
-5.045335,2.009864,8.245700,-0.613691,-0.948852,-0.121429,0.047059,4
-4.641782,1.760033,8.328606,-0.531282,-0.879428,-0.088314,0.047059,4
-5.346165,2.115150,8.361294,-0.628903,-1.007059,-0.098501,0.047059,4
-5.326328,2.113161,8.336540,-0.642681,-1.047342,-0.119921,0.047059,4
-4.792095,1.751651,8.151001,-0.535220,-0.888836,-0.099457,0.047059,4
-5.070699,1.777612,8.379177,-0.561412,-0.946099,-0.126038,0.047059,4
-5.096992,1.829543,8.301167,-0.571351,-0.954031,-0.105637,0.047059,4
-5.817379,2.214030,8.252141,-0.661741,-1.098924,-0.102907,0.047059,1
-5.369888,1.861513,8.170676,-0.548389,-1.016101,-0.113739,0.054902,1
-5.392347,1.823520,8.082986,-0.595658,-1.037856,-0.098801,0.137255,1
-5.251197,1.978463,8.324806,-0.607104,-0.977696,-0.118298,0.211765,1
-5.238982,2.088731,8.244918,-0.623530,-0.997890,-0.110035,0.349020,1
-4.314195,1.910998,7.430973,-0.480241,-0.871009,-0.091980,0.494118,1
-4.070702,1.685639,7.383892,-0.400067,-0.790244,-0.102568,0.517647,1
-4.862211,2.032800,7.252322,-0.384016,-1.028579,-0.104915,0.517647,1
-5.162059,1.971824,7.264338,-0.399391,-1.099962,-0.105291,0.517647,1
-5.309990,1.991024,7.324322,-0.434403,-1.086762,-0.133905,0.517647,1
-4.861300,2.073920,7.240577,-0.383187,-1.037039,-0.102240,0.517647,1
-4.624997,1.880058,7.441681,-0.280782,-0.989168,-0.130050,0.517647,1
-4.071783,1.785780,7.392021,-0.175074,-0.879995,-0.098703,0.517647,1
-4.653398,1.933051,7.346118,-0.244487,-0.996027,-0.120255,0.517647,1
-4.079203,2.003174,7.500608,-0.184685,-0.935056,-0.125855,0.517647,1
-3.100515,1.922098,7.711667,-0.167942,-0.666847,-0.167199,0.517647,1
-3.902042,2.100045,7.429144,-0.171134,-0.894292,-0.089235,0.517647,1
-3.100492,1.510911,7.428675,0.038130,-0.713341,-0.059455,0.517647,1
-3.532777,1.923816,7.366635,-0.100221,-0.811378,-0.089828,0.517647,1
-3.536137,2.035753,7.414932,-0.084055,-0.832656,-0.075752,0.517647,1
-3.322831,1.735496,7.559863,0.015120,-0.780362,-0.068870,0.517647,1
-3.319970,1.963583,7.522058,-0.015732,-0.769598,-0.075914,0.517647,1
-3.095291,2.009670,7.404634,-0.069680,-0.761800,-0.082068,0.517647,1
-2.477858,1.635084,7.463531,0.047008,-0.582765,-0.095735,0.517647,1
-3.543299,2.059236,7.403422,-0.070752,-0.843806,-0.117381,0.517647,1
-3.489449,2.249946,7.517660,-0.075885,-0.825661,-0.096181,0.517647,1
-3.259761,2.028162,7.376467,-0.052093,-0.789148,-0.087529,0.517647,1
-3.096730,2.027474,7.509269,0.004783,-0.760814,-0.082573,0.517647,1
-2.581102,1.764250,7.463269,0.101354,-0.634231,-0.071337,0.517647,1
-2.639714,1.943589,7.312839,0.042433,-0.669174,-0.105422,0.517647,1
-3.110692,1.998024,7.261948,0.035993,-0.772337,-0.077775,0.517647,1
-3.516149,1.929580,7.229124,0.002022,-0.835295,-0.106489,0.517647,1
-3.798988,2.367180,6.918664,-0.094506,-0.908289,-0.113481,0.517647,3
-3.591794,2.202182,6.680035,0.092036,-0.897949,-0.098171,0.517647,3
-3.129249,1.908144,6.865246,0.161651,-0.791828,0.023279,0.517647,3
-2.687564,1.282385,7.003867,0.106130,-0.671963,0.289631,0.517647,3
-2.515364,0.971928,6.877709,0.109038,-0.674067,0.362643,0.517647,3
-2.513453,0.727024,6.851578,0.073379,-0.660992,0.387146,0.517647,3
-3.380610,1.191539,6.877887,-0.135605,-0.802294,0.331496,0.517647,3
-2.855897,0.942506,6.932248,-0.091665,-0.693575,0.342587,0.517647,3
-3.779024,1.128595,6.815946,-0.272401,-0.881626,0.293122,0.517647,3
-3.389025,0.950278,7.053345,-0.212398,-0.756527,0.288889,0.517647,3
-4.330260,1.546499,6.866549,-0.434100,-0.980021,0.232426,0.517647,3
-4.069427,1.231009,6.910026,-0.369134,-0.876205,0.190621,0.517647,3
-4.273522,1.518792,7.048403,-0.454975,-0.955876,0.202570,0.517647,3
-4.400241,1.477314,6.843742,-0.379164,-0.976069,0.170623,0.517647,3
-4.355758,1.731822,6.964786,-0.499210,-0.957027,0.099021,0.517647,3
-4.315970,1.453964,6.997557,-0.381567,-0.956488,0.181068,0.517647,3
-4.188647,1.595913,6.666306,-0.617012,-1.209668,0.033692,0.517647,3
-4.581603,1.701770,6.443376,-0.562750,-1.221757,0.052674,0.517647,3
-4.406337,1.646938,6.446694,-0.619321,-1.217049,0.068312,0.517647,3
-5.074948,1.927491,6.402133,-0.968967,-1.286716,-0.049549,0.517647,3
-4.845768,1.529795,6.708893,-0.737570,-1.182337,0.037415,0.517647,3
-5.005900,1.389777,6.304720,-0.707488,-1.287071,0.053456,0.517647,3
-5.709333,2.011042,6.339325,-0.856484,-1.414222,-0.016250,0.517647,3
-4.768932,1.721722,6.452103,-0.867368,-1.204651,-0.035138,0.517647,3
-5.982884,2.198636,6.245362,-0.932523,-1.504297,-0.022664,0.517647,3
-5.458000,1.902080,6.335014,-0.914199,-1.390235,-0.019221,0.517647,3
-5.151330,1.869772,6.361445,-0.876356,-1.345926,-0.010940,0.517647,3
-5.252257,1.625784,6.123728,-0.749592,-1.401119,0.074596,0.517647,3
-5.243258,2.066797,6.428290,-0.859285,-1.419426,-0.006294,0.517647,3
-5.100678,1.829138,6.223495,-0.877394,-1.398477,0.022749,0.517647,3
-4.978377,1.737085,6.191495,-0.826804,-1.433656,0.076177,0.517647,3
-4.942439,1.738792,6.355315,-0.803607,-1.421997,0.042480,0.517647,3
-4.646101,1.542832,6.225420,-0.810646,-1.353581,0.068583,0.517647,3
-4.896885,1.771727,6.149195,-0.875167,-1.445449,0.063098,0.517647,3
-4.094408,1.493541,6.347626,-0.733030,-1.314745,0.125457,0.517647,3
-3.476213,1.178428,6.355663,-0.606694,-1.214275,0.164969,0.517647,3
-4.920331,1.774458,6.027957,-0.780086,-1.656281,0.124527,0.517647,3
-3.776871,1.459268,6.027022,-0.674154,-1.384322,0.165556,0.517647,3
-3.780881,1.488496,6.011393,-0.679719,-1.415372,0.234444,0.517647,3
-3.611252,0.996573,6.172719,-0.541519,-1.367763,0.296655,0.517647,3
-3.911737,0.887994,5.657865,-0.536180,-1.467664,0.371232,0.517647,3
-3.243151,0.896338,6.197610,-0.542909,-1.340300,0.374368,0.517647,3
-4.467841,1.266302,5.848553,-0.690569,-1.615450,0.284613,0.517647,3
-2.902076,0.761347,6.516790,-0.526706,-1.290366,0.383723,0.517647,3
-3.906775,1.115597,6.157690,-0.664279,-1.520963,0.339962,0.517647,3
-3.675488,1.020884,6.107128,-0.628458,-1.492811,0.341014,0.517647,3
-3.303450,0.940876,6.242881,-0.622799,-1.395993,0.329625,0.517647,3
-3.756991,0.902832,5.968021,-0.616553,-1.536135,0.352537,0.517647,3
-3.283625,0.881438,5.987322,-0.614793,-1.469497,0.358260,0.517647,3
-3.823731,1.188242,6.063991,-0.696383,-1.585574,0.349588,0.517647,3
-3.207403,0.782283,6.159269,-0.616471,-1.447477,0.313587,0.517647,3
-3.950082,1.101943,6.073137,-0.702045,-1.601157,0.316731,0.517647,3
-3.576833,0.956780,6.070399,-0.670428,-1.552098,0.306853,0.517647,3
-3.155432,0.745191,6.131729,-0.569848,-1.461549,0.345596,0.517647,3
-3.635713,0.971250,6.018633,-0.685258,-1.616247,0.320343,0.517647,3
-3.712654,1.217128,6.100889,-0.734664,-1.627801,0.310039,0.517647,3
-3.590526,1.068364,6.214391,-0.725080,-1.614631,0.303494,0.517647,3
-3.863568,1.255093,6.142636,-0.770502,-1.736966,0.314057,0.517647,3
-3.677392,1.282820,6.492782,-0.793717,-1.671087,0.293916,0.517647,3
-3.497795,1.148543,6.286834,-0.716061,-1.640159,0.345253,0.517647,3
-3.737713,1.177192,6.349277,-0.791476,-1.699574,0.301581,0.517647,3
-3.516129,0.930614,6.206433,-0.692963,-1.679072,0.312650,0.517647,3
-2.832621,0.815664,6.479221,-0.658167,-1.534821,0.317702,0.517647,3
-3.361420,0.886365,6.102907,-0.732837,-1.680441,0.333892,0.517647,3
-3.852314,1.219463,6.163261,-0.814361,-1.802376,0.303942,0.517647,3
-3.698589,1.314603,6.349772,-0.810429,-1.761854,0.312515,0.517647,3
-3.494965,1.135124,6.155890,-0.783749,-1.726749,0.336433,0.517647,3
-3.311645,1.108409,6.349555,-0.805231,-1.728123,0.310307,0.517647,3
-3.153127,0.900302,6.408150,-0.754191,-1.693241,0.348632,0.517647,9
-3.467809,1.165227,6.197680,-0.854759,-1.796494,0.297816,0.517647,9
-3.336389,1.083636,6.329886,-0.803954,-1.755340,0.356969,0.517647,9
-4.135221,1.240419,6.344078,-0.868508,-1.939500,0.316360,0.517647,9
-0.519368,0.269385,7.162312,-0.539071,-0.987885,0.344333,0.517647,9
2.324559,0.005815,12.952773,-0.230151,0.079448,0.245445,0.517647,9
-2.849216,-0.042254,10.687410,0.161642,-0.215524,0.285796,0.517647,9
-3.237310,-0.162172,8.668378,-0.055631,-0.297989,0.170227,0.517647,9
2.000963,-1.125793,12.187659,0.048404,0.944283,0.111666,0.517647,9
-0.358342,-0.919226,8.832906,0.351130,0.183099,0.249420,0.517647,9
-2.796427,0.319773,8.248237,0.043048,-0.215364,0.269163,0.517647,9
-6.813246,1.175070,6.421483,-0.039387,-1.144053,0.374719,0.517647,9
-3.660272,0.525316,7.555176,0.035796,-0.601944,0.312770,0.517647,9
-1.858685,0.292125,9.193765,0.286751,0.107944,0.257338,0.517647,9
-2.244027,0.423625,9.660896,0.101985,-0.098556,0.298303,0.517647,9
-4.454905,0.887686,8.230781,-0.089971,-0.606136,0.229386,0.517647,9
-3.993948,0.784763,9.107054,-0.030649,-0.503987,0.270402,0.517647,9
-3.055732,0.183404,8.782003,0.147229,-0.237140,0.258037,0.517647,9
-2.916118,0.294032,9.170302,0.102583,-0.170188,0.231733,0.517647,9
-2.886658,0.359802,9.298987,0.157990,-0.098629,0.245639,0.517647,9
-3.170528,0.352187,8.897035,0.014397,-0.298783,0.205937,0.517647,9
-3.842877,0.526483,8.631223,-0.020111,-0.466435,0.203726,0.517647,9
-4.202237,0.664909,8.745567,0.007166,-0.529190,0.245745,0.517647,9
-3.403460,0.583195,8.954362,0.000969,-0.338152,0.210871,0.517647,9
-3.343161,0.576380,8.797827,-0.003793,-0.285430,0.166327,0.517647,9
-4.955610,0.883658,8.684071,-0.079371,-0.655155,0.264103,0.517647,9
-4.776009,0.680658,8.646681,0.000968,-0.615485,0.232416,0.517647,9
-3.643804,0.354637,8.897561,0.051038,-0.349751,0.220882,0.517647,9
-4.790830,0.832349,8.392117,-0.047966,-0.745968,0.242962,0.517647,9
-4.744224,0.666492,8.209985,-0.038512,-0.674536,0.208471,0.517647,9
-4.380753,0.823101,8.654294,-0.120797,-0.560838,0.222349,0.517647,9
-4.597236,0.746339,8.405937,-0.046441,-0.605353,0.177691,0.517647,9
-4.359486,0.433044,8.724005,-0.004395,-0.520721,0.183759,0.517647,9
-4.982993,0.888580,8.333596,-0.079809,-0.665744,0.232924,0.517647,9
-4.989831,0.902750,8.352960,-0.094935,-0.630630,0.161609,0.517647,9
-4.909870,0.849418,8.268384,-0.044529,-0.643931,0.239078,0.517647,9
-4.995791,0.766756,8.074145,-0.091387,-0.726831,0.203841,0.517647,9
-5.144584,0.966715,8.219499,-0.123637,-0.671943,0.179544,0.517647,9
-4.807179,1.002470,8.101323,-0.145336,-0.718287,0.186896,0.517647,9
-4.594418,0.655898,7.917157,-0.050600,-0.572777,0.181754,0.517647,9
-5.145935,0.750826,8.066548,-0.029768,-0.721984,0.229142,0.517647,9
-5.052915,0.842305,8.267210,-0.050078,-0.679215,0.178724,0.517647,9
-6.089703,1.352771,7.430716,-0.198566,-0.906704,0.118139,0.517647,9
-5.796586,1.194306,6.050349,0.049621,-0.923062,0.161282,0.517647,9
-5.464919,1.126201,5.440704,0.043150,-0.761091,0.529165,0.517647,9
-0.703292,-1.697559,1.513203,0.373172,-0.047181,0.951293,0.517647,9
-3.511790,-0.596092,-1.929456,-0.022959,-1.286499,0.602953,0.517647,9
-5.189159,-0.082079,-3.080313,-0.734180,-1.101676,0.405071,0.517647,9
-3.140896,-0.699435,-2.169163,-0.254857,-0.521852,0.596183,0.517647,9
-2.844120,0.410929,-1.748378,-0.273969,-0.565374,0.200547,0.517647,9
-3.824935,1.052843,-1.501345,-0.397828,-0.776918,-0.236347,0.517647,9
-3.520760,1.385762,-0.991922,-0.526094,-0.861385,-0.305097,0.517647,9
-2.630840,0.866090,-1.090737,-0.405247,-0.651893,-0.301766,0.517647,9
-1.807705,0.662089,0.635452,-0.316719,-0.511357,-0.123953,0.517647,9
-2.643771,-0.711543,1.696341,-0.130913,-0.645898,-0.015083,0.517647,9
-2.799344,0.480499,3.909101,-0.098227,-0.817452,0.000214,0.517647,9
-1.210086,0.492157,7.172692,-0.243976,-0.222162,-0.017974,0.517647,9
-4.735303,1.413948,7.680031,-0.298141,-1.071865,0.079650,0.517647,9
-3.453387,0.698201,8.788560,-0.081038,-0.520943,0.039954,0.517647,9
